order_id,customer_id,product_id,order_date,quantity,total_amount
1,53,6,2023-08-09,2.0,89.92
2,72,17,2023-07-17,1.0,454.8
3,34,12,2023-07-29,1.0,40.18
4,77,8,2023-06-01,3.0,858.45
5,90,20,2023-09-14,1.0,222.04
6,73,19,2023-08-23,1.0,127.72
7,98,18,2023-11-11,2.0,492.6
8,31,5,2023-08-21,3.0,1341.57
9,40,2,2023-06-20,1.0,461.03
10,68,13,2023-11-06,3.0,960.0
11,86,5,2023-09-08,1.0,447.19
12,71,1,2023-06-29,2.0,151.98
13,79,8,2023-11-02,2.0,572.3
14,92,6,2023-08-09,4.0,179.84
15,89,11,2023-07-24,1.0,220.63
16,83,1,2023-09-01,2.0,151.98
17,36,4,2023-08-22,1.0,400.49
18,23,8,2023-10-25,2.0,572.3
19,89,2,2023-07-26,2.0,922.06
20,63,3,2023-10-08,5.0,2033.05
21,76,1,2023-06-23,2.0,151.98
22,72,3,2023-11-15,1.0,406.61
23,14,20,2023-06-03,1.0,222.04
24,33,7,2023-08-19,1.0,338.4
25,13,19,2023-10-18,2.0,255.44
26,68,16,2023-06-12,2.0,556.2
27,54,10,2023-06-12,4.0,704.16
28,50,9,2023-08-16,1.0,350.45
29,71,3,2023-09-02,2.0,813.22
30,50,11,2023-08-29,1.0,220.63
31,74,1,2023-10-05,2.0,151.98
32,59,13,2023-09-22,1.0,320.0
33,29,10,2023-10-16,3.0,528.12
34,29,14,2023-07-10,2.0,565.52
35,10,18,2023-08-05,2.0,492.6
36,18,5,2023-06-09,1.0,447.19
37,38,3,2023-06-11,4.0,1626.44
38,75,17,2023-08-16,1.0,454.8
39,21,16,2023-07-22,1.0,278.1
40,7,13,2023-06-14,1.0,320.0
41,94,13,2023-07-25,3.0,960.0
42,39,8,2023-10-27,2.0,572.3
43,38,8,2023-11-11,2.0,572.3
44,65,12,2023-09-27,4.0,160.72
45,95,8,2023-11-26,5.0,1430.75
46,45,13,2023-08-21,2.0,640.0
47,94,4,2023-06-03,2.0,800.98
48,4,8,2023-07-11,2.0,572.3
49,42,13,2023-06-30,1.0,320.0
50,94,1,2023-08-13,4.0,303.96
51,92,5,2023-11-25,1.0,447.19
52,57,14,2023-08-11,,
53,13,16,2023-09-04,,
54,65,8,2023-06-30,1.0,286.15
55,25,7,2023-07-03,1.0,338.4
56,46,8,2023-11-09,1.0,286.15
57,27,8,2023-11-02,2.0,572.3
58,51,19,2023-09-04,2.0,255.44
59,56,14,2023-08-03,2.0,565.52
60,47,20,2023-07-11,2.0,444.08
61,91,20,2023-06-17,2.0,444.08
62,89,2,2023-11-22,1.0,461.03
63,99,18,2023-08-24,3.0,738.9
64,69,20,2023-11-14,1.0,222.04
65,55,11,2023-06-09,1.0,220.63
66,36,7,2023-06-04,5.0,1692.0
67,61,1,2023-11-01,1.0,75.99
68,5,20,2023-11-26,3.0,666.12
69,8,14,2023-07-29,1.0,282.76
70,47,18,2023-09-06,2.0,492.6
71,9,15,2023-10-20,3.0,168.78
72,13,16,2023-10-13,1.0,278.1
73,38,14,2023-08-10,1.0,282.76
74,24,14,2023-08-04,1.0,282.76
75,17,13,2023-06-16,3.0,960.0
76,91,12,2023-10-25,1.0,40.18
77,78,18,2023-11-02,1.0,246.3
78,20,5,2023-11-21,1.0,447.19
79,54,7,2023-07-08,1.0,338.4
80,9,7,2023-10-16,1.0,338.4
81,61,2,2023-06-02,1.0,461.03
82,72,2,2023-08-10,3.0,1383.09
83,44,3,2023-11-27,1.0,406.61
84,14,5,2023-06-22,1.0,447.19
85,42,13,2023-10-11,1.0,320.0
86,57,1,2023-09-21,2.0,151.98
87,98,19,2023-07-17,1.0,127.72
88,46,17,2023-09-22,2.0,909.6
89,32,9,2023-08-25,1.0,350.45
90,1,3,2023-10-30,2.0,813.22
91,6,7,2023-08-05,2.0,676.8
92,21,1,2023-10-21,2.0,151.98
93,24,5,2023-10-28,1.0,447.19
94,88,6,2023-11-23,4.0,179.84
95,100,8,2023-07-17,4.0,1144.6
96,78,3,2023-10-30,1.0,406.61
97,38,20,2023-09-10,2.0,444.08
98,47,20,2023-11-12,2.0,444.08
99,13,1,2023-06-30,2.0,151.98
100,33,6,2023-06-02,1.0,44.96
101,15,10,2023-11-08,2.0,352.08
102,72,14,2023-11-12,3.0,848.28
103,91,13,2023-07-20,2.0,640.0
104,16,13,2023-09-09,1.0,320.0
105,13,5,2023-09-06,1.0,447.19
106,64,6,2023-06-04,5.0,224.8
107,94,15,2023-11-07,2.0,112.52
108,25,6,2023-11-07,1.0,44.96
109,97,2,2023-09-22,1.0,461.03
110,88,11,2023-08-04,1.0,220.63
111,35,13,2023-10-26,1.0,320.0
112,47,13,2023-10-20,2.0,640.0
113,18,8,2023-08-26,1.0,286.15
114,64,3,2023-07-03,1.0,406.61
115,40,2,2023-07-23,2.0,922.06
116,8,20,2023-10-26,2.0,444.08
117,67,10,2023-06-29,1.0,176.04
118,62,2,2023-06-08,2.0,922.06
119,98,5,2023-08-27,4.0,1788.76
120,64,17,2023-08-03,2.0,909.6
121,72,1,2023-06-21,1.0,75.99
122,3,14,2023-10-30,5.0,1413.8
123,77,12,2023-07-06,1.0,40.18
124,72,17,2023-10-11,4.0,1819.2
125,73,20,2023-09-27,2.0,444.08
126,85,20,2023-09-19,3.0,666.12
127,94,16,2023-11-08,2.0,556.2
128,41,18,2023-07-03,,
129,75,12,2023-07-30,1.0,40.18
130,45,6,2023-08-11,2.0,89.92
131,76,5,2023-08-16,1.0,447.19
132,66,8,2023-08-24,1.0,286.15
133,61,12,2023-10-09,1.0,40.18
134,18,18,2023-08-22,,
135,99,7,2023-08-23,3.0,1015.2
136,22,10,2023-09-06,1.0,176.04
137,47,5,2023-11-28,2.0,894.38
138,20,2,2023-11-20,2.0,922.06
139,21,18,2023-10-05,1.0,246.3
140,81,2,2023-06-29,2.0,922.06
141,2,6,2023-10-20,3.0,134.88
142,20,14,2023-11-16,1.0,282.76
143,93,16,2023-07-01,,
144,35,11,2023-08-30,1.0,220.63
145,2,9,2023-11-10,1.0,350.45
146,78,4,2023-06-12,3.0,1201.47
147,35,14,2023-08-08,1.0,282.76
148,4,12,2023-06-23,1.0,40.18
149,90,2,2023-06-06,2.0,922.06
150,58,4,2023-07-25,1.0,400.49
151,74,19,2023-10-30,2.0,255.44
152,90,8,2023-08-23,1.0,286.15
153,74,12,2023-10-01,1.0,40.18
154,94,12,2023-11-28,2.0,80.36
155,41,6,2023-06-21,4.0,179.84
156,98,1,2023-06-26,1.0,75.99
157,34,14,2023-11-07,1.0,282.76
158,11,12,2023-07-02,2.0,80.36
159,54,16,2023-06-18,1.0,278.1
160,16,7,2023-10-24,2.0,676.8
161,59,5,2023-08-15,,
162,53,9,2023-08-28,3.0,1051.35
163,26,18,2023-10-03,1.0,246.3
164,77,10,2023-11-12,2.0,352.08
165,4,5,2023-08-26,1.0,447.19
166,30,13,2023-06-30,2.0,640.0
167,1,10,2023-09-07,1.0,176.04
168,71,7,2023-08-10,2.0,676.8
169,96,9,2023-08-05,4.0,1401.8
170,20,14,2023-11-01,2.0,565.52
171,26,17,2023-09-03,1.0,454.8
172,72,18,2023-10-31,4.0,985.2
173,24,7,2023-08-14,2.0,676.8
174,81,11,2023-08-11,2.0,441.26
175,37,2,2023-09-17,1.0,461.03
176,55,4,2023-09-09,2.0,800.98
177,91,7,2023-11-07,,
178,8,19,2023-08-04,3.0,383.16
179,36,19,2023-10-08,1.0,127.72
180,57,19,2023-08-19,2.0,255.44
181,94,10,2023-06-19,1.0,176.04
182,88,7,2023-11-01,2.0,676.8
183,7,10,2023-09-13,3.0,528.12
184,70,11,2023-09-27,1.0,220.63
185,34,18,2023-08-25,1.0,246.3
186,68,18,2023-10-22,1.0,246.3
187,15,2,2023-08-14,1.0,461.03
188,11,9,2023-10-23,1.0,350.45
189,60,4,2023-10-18,1.0,400.49
190,51,6,2023-07-08,1.0,44.96
191,43,5,2023-10-03,2.0,894.38
192,69,15,2023-06-06,1.0,56.26
193,89,8,2023-09-03,2.0,572.3
194,61,8,2023-07-07,1.0,286.15
195,53,5,2023-10-24,1.0,447.19
196,49,10,2023-08-01,1.0,176.04
197,97,20,2023-11-28,1.0,222.04
198,66,2,2023-08-18,2.0,922.06
199,87,12,2023-07-29,1.0,40.18
200,51,2,2023-10-20,2.0,922.06
201,38,5,2023-08-28,1.0,447.19
202,16,4,2023-10-12,2.0,800.98
203,71,4,2023-08-03,3.0,1201.47
204,76,14,2023-11-24,1.0,282.76
205,73,16,2023-09-04,5.0,1390.5
206,71,18,2023-08-07,1.0,246.3
207,19,16,2023-07-21,1.0,278.1
208,40,18,2023-07-21,2.0,492.6
209,21,20,2023-07-17,4.0,888.16
210,15,12,2023-06-17,1.0,40.18
211,35,4,2023-07-25,1.0,400.49
212,82,4,2023-08-11,2.0,800.98
213,80,19,2023-11-01,1.0,127.72
214,86,1,2023-11-18,1.0,75.99
215,54,15,2023-07-05,1.0,56.26
216,33,13,2023-09-16,1.0,320.0
217,34,3,2023-11-17,1.0,406.61
218,21,2,2023-09-07,1.0,461.03
219,42,18,2023-07-16,1.0,246.3
220,58,15,2023-06-22,1.0,56.26
221,97,19,2023-06-04,1.0,127.72
222,1,3,2023-06-18,2.0,813.22
223,11,4,2023-11-08,1.0,400.49
224,27,5,2023-11-02,2.0,894.38
225,31,1,2023-06-05,3.0,227.97
226,67,3,2023-08-21,3.0,1219.83
227,96,1,2023-08-01,1.0,75.99
228,60,8,2023-08-12,1.0,286.15
229,15,15,2023-11-13,3.0,168.78
230,84,14,2023-06-28,1.0,282.76
231,61,16,2023-08-01,2.0,556.2
232,89,18,2023-11-13,4.0,985.2
233,70,7,2023-07-07,2.0,676.8
234,4,15,2023-11-19,3.0,168.78
235,41,4,2023-07-08,2.0,800.98
236,70,10,2023-09-03,,
237,50,15,2023-08-31,2.0,112.52
238,23,11,2023-09-18,3.0,661.89
239,57,12,2023-06-05,3.0,120.54
240,100,18,2023-06-03,3.0,738.9
241,54,19,2023-10-26,2.0,255.44
242,18,12,2023-06-26,2.0,80.36
243,87,13,2023-06-02,1.0,320.0
244,80,7,2023-11-02,4.0,1353.6
245,51,20,2023-10-07,2.0,444.08
246,50,16,2023-11-13,1.0,278.1
247,8,9,2023-06-12,2.0,700.9
248,60,11,2023-10-05,1.0,220.63
249,15,19,2023-06-18,2.0,255.44
250,25,14,2023-08-22,1.0,282.76
251,63,7,2023-11-28,3.0,1015.2
252,89,9,2023-08-15,1.0,350.45
253,6,3,2023-07-29,4.0,1626.44
254,54,11,2023-09-24,1.0,220.63
255,44,4,2023-08-30,4.0,1601.96
256,58,14,2023-08-09,3.0,848.28
257,22,5,2023-06-17,,
258,98,4,2023-08-09,1.0,400.49
259,27,10,2023-10-17,2.0,352.08
260,7,19,2023-06-13,1.0,127.72
261,26,10,2023-06-12,2.0,352.08
262,75,20,2023-08-28,2.0,444.08
263,60,3,2023-11-18,2.0,813.22
264,18,20,2023-07-26,3.0,666.12
265,19,9,2023-08-31,2.0,700.9
266,61,13,2023-08-05,2.0,640.0
267,46,10,2023-07-28,2.0,352.08
268,53,16,2023-09-20,3.0,834.3
269,65,20,2023-10-21,3.0,666.12
270,26,11,2023-10-21,1.0,220.63
271,5,19,2023-10-31,2.0,255.44
272,5,5,2023-07-09,1.0,447.19
273,59,5,2023-09-06,2.0,894.38
274,66,9,2023-09-25,1.0,350.45
275,34,14,2023-07-24,2.0,565.52
276,18,5,2023-09-05,1.0,447.19
277,83,4,2023-06-26,1.0,400.49
278,23,5,2023-11-22,1.0,447.19
279,29,4,2023-10-31,3.0,1201.47
280,30,4,2023-06-04,2.0,800.98
281,19,18,2023-10-08,1.0,246.3
282,20,2,2023-08-08,2.0,922.06
283,39,15,2023-07-13,2.0,112.52
284,31,11,2023-10-20,3.0,661.89
285,13,15,2023-10-06,1.0,56.26
286,43,9,2023-11-06,1.0,350.45
287,72,7,2023-08-02,1.0,338.4
288,34,17,2023-06-06,2.0,909.6
289,76,13,2023-10-30,1.0,320.0
290,56,4,2023-09-29,3.0,1201.47
291,31,10,2023-07-06,1.0,176.04
292,5,18,2023-07-30,1.0,246.3
293,30,17,2023-11-09,1.0,454.8
294,60,20,2023-08-04,4.0,888.16
295,72,16,2023-08-07,5.0,1390.5
296,87,9,2023-10-18,2.0,700.9
297,57,14,2023-09-11,3.0,848.28
298,41,20,2023-10-01,4.0,888.16
299,35,18,2023-10-12,1.0,246.3
300,33,13,2023-06-05,2.0,640.0
301,61,4,2023-10-12,2.0,800.98
302,25,19,2023-07-20,,
303,60,16,2023-11-19,3.0,834.3
304,86,9,2023-09-25,1.0,350.45
305,65,4,2023-10-25,1.0,400.49
306,13,4,2023-07-29,2.0,800.98
307,71,14,2023-09-01,1.0,282.76
308,78,8,2023-08-10,1.0,286.15
309,50,7,2023-06-04,2.0,676.8
310,79,10,2023-08-29,1.0,176.04
311,11,15,2023-10-23,1.0,56.26
312,76,19,2023-08-18,,
313,84,2,2023-08-12,4.0,1844.12
314,1,18,2023-10-14,3.0,738.9
315,5,3,2023-10-06,2.0,813.22
316,90,13,2023-08-29,3.0,960.0
317,28,4,2023-07-21,2.0,800.98
318,94,12,2023-08-29,1.0,40.18
319,78,13,2023-08-04,1.0,320.0
320,2,16,2023-09-14,1.0,278.1
321,82,9,2023-10-11,2.0,700.9
322,59,2,2023-09-28,1.0,461.03
323,66,17,2023-11-09,2.0,909.6
324,18,14,2023-08-10,1.0,282.76
325,61,2,2023-09-12,2.0,922.06
326,63,7,2023-06-28,1.0,338.4
327,50,1,2023-06-04,1.0,75.99
328,87,14,2023-07-31,2.0,565.52
329,50,20,2023-10-23,2.0,444.08
330,73,14,2023-09-06,2.0,565.52
331,36,11,2023-11-11,1.0,220.63
332,4,10,2023-09-20,1.0,176.04
333,83,7,2023-08-10,2.0,676.8
334,67,10,2023-11-22,4.0,704.16
335,89,12,2023-06-22,2.0,80.36
336,31,1,2023-09-02,3.0,227.97
337,73,6,2023-11-08,5.0,224.8
338,40,16,2023-09-29,1.0,278.1
339,40,4,2023-11-01,1.0,400.49
340,38,19,2023-11-03,4.0,510.88
341,53,2,2023-09-17,2.0,922.06
342,84,18,2023-10-08,1.0,246.3
343,5,1,2023-07-28,1.0,75.99
344,40,2,2023-07-21,1.0,461.03
345,5,4,2023-09-03,3.0,1201.47
346,74,1,2023-09-29,2.0,151.98
347,68,18,2023-10-13,1.0,246.3
348,5,4,2023-09-21,2.0,800.98
349,28,5,2023-08-01,2.0,894.38
350,54,2,2023-11-08,1.0,461.03
351,68,12,2023-09-06,1.0,40.18
352,4,19,2023-10-18,2.0,255.44
353,51,2,2023-08-14,2.0,922.06
354,99,6,2023-07-14,1.0,44.96
355,78,20,2023-08-28,1.0,222.04
356,9,18,2023-06-21,2.0,492.6
357,6,19,2023-11-21,3.0,383.16
358,80,3,2023-11-16,4.0,1626.44
359,51,13,2023-09-19,1.0,320.0
360,94,13,2023-07-10,1.0,320.0
361,88,5,2023-07-20,1.0,447.19
362,91,10,2023-07-08,2.0,352.08
363,60,2,2023-08-11,3.0,1383.09
364,99,10,2023-09-09,1.0,176.04
365,47,18,2023-10-08,2.0,492.6
366,94,13,2023-11-08,3.0,960.0
367,95,19,2023-07-12,1.0,127.72
368,19,9,2023-06-23,2.0,700.9
369,48,12,2023-10-15,1.0,40.18
370,6,9,2023-11-27,,
371,84,3,2023-07-27,1.0,406.61
372,63,20,2023-08-30,1.0,222.04
373,7,5,2023-07-06,1.0,447.19
374,14,2,2023-09-14,3.0,1383.09
375,72,7,2023-06-10,1.0,338.4
376,36,4,2023-09-17,1.0,400.49
377,66,9,2023-09-04,3.0,1051.35
378,82,1,2023-07-31,2.0,151.98
379,49,11,2023-07-26,1.0,220.63
380,29,8,2023-07-25,3.0,858.45
381,71,19,2023-10-27,2.0,255.44
382,32,8,2023-07-24,3.0,858.45
383,54,10,2023-11-14,1.0,176.04
384,65,2,2023-06-29,3.0,1383.09
385,44,1,2023-10-11,1.0,75.99
386,54,8,2023-07-19,2.0,572.3
387,18,2,2023-10-01,2.0,922.06
388,62,16,2023-10-22,2.0,556.2
389,70,15,2023-07-05,2.0,112.52
390,100,14,2023-07-05,2.0,565.52
391,89,15,2023-10-26,2.0,112.52
392,96,6,2023-07-03,1.0,44.96
393,84,8,2023-06-03,2.0,572.3
394,60,20,2023-07-08,2.0,444.08
395,36,16,2023-10-24,1.0,278.1
396,65,2,2023-11-03,3.0,1383.09
397,28,14,2023-06-13,1.0,282.76
398,37,9,2023-10-08,2.0,700.9
399,99,8,2023-11-15,1.0,286.15
400,2,20,2023-06-25,4.0,888.16
401,57,9,2023-07-10,1.0,350.45
402,85,20,2023-09-25,1.0,222.04
403,26,13,2023-09-06,1.0,320.0
404,63,19,2023-09-21,1.0,127.72
405,50,12,2023-09-22,1.0,40.18
406,81,5,2023-10-27,3.0,1341.57
407,78,17,2023-06-22,1.0,454.8
408,61,9,2023-09-11,2.0,700.9
409,8,19,2023-09-03,2.0,255.44
410,90,5,2023-06-12,1.0,447.19
411,2,11,2023-11-28,4.0,882.52
412,88,9,2023-10-26,2.0,700.9
413,42,2,2023-06-21,1.0,461.03
414,52,10,2023-11-28,1.0,176.04
415,73,17,2023-09-14,2.0,909.6
416,49,17,2023-11-23,1.0,454.8
417,87,8,2023-09-28,2.0,572.3
418,14,20,2023-09-06,3.0,666.12
419,29,18,2023-10-03,2.0,492.6
420,20,2,2023-10-14,2.0,922.06
421,70,7,2023-11-01,,
422,96,10,2023-09-10,1.0,176.04
423,47,19,2023-08-17,3.0,383.16
424,33,12,2023-09-14,1.0,40.18
425,95,19,2023-06-12,,
426,35,14,2023-07-14,1.0,282.76
427,23,11,2023-07-04,5.0,1103.15
428,39,16,2023-06-22,1.0,278.1
429,43,10,2023-11-12,2.0,352.08
430,25,15,2023-09-05,1.0,56.26
431,84,6,2023-09-29,2.0,89.92
432,11,1,2023-06-17,1.0,75.99
433,63,14,2023-10-25,1.0,282.76
434,48,13,2023-09-24,1.0,320.0
435,24,7,2023-11-10,1.0,338.4
436,70,19,2023-09-22,2.0,255.44
437,49,18,2023-10-30,2.0,492.6
438,10,19,2023-10-30,1.0,127.72
439,80,2,2023-09-02,2.0,922.06
440,90,17,2023-09-19,1.0,454.8
441,45,6,2023-08-20,2.0,89.92
442,11,15,2023-06-07,2.0,112.52
443,19,19,2023-11-02,2.0,255.44
444,13,11,2023-10-17,1.0,220.63
445,97,4,2023-06-29,1.0,400.49
446,21,10,2023-06-09,2.0,352.08
447,53,12,2023-11-11,1.0,40.18
448,75,8,2023-11-28,2.0,572.3
449,14,2,2023-09-29,1.0,461.03
450,94,17,2023-06-14,2.0,909.6
451,57,2,2023-07-06,4.0,1844.12
452,64,5,2023-08-02,1.0,447.19
453,53,10,2023-06-23,2.0,352.08
454,90,4,2023-07-19,1.0,400.49
455,50,17,2023-11-16,2.0,909.6
456,61,15,2023-10-25,2.0,112.52
457,88,13,2023-10-16,4.0,1280.0
458,99,10,2023-09-02,5.0,880.2
459,22,12,2023-11-15,2.0,80.36
460,42,12,2023-11-28,1.0,40.18
461,51,16,2023-07-15,1.0,278.1
462,72,1,2023-11-28,2.0,151.98
463,36,12,2023-10-10,3.0,120.54
464,23,5,2023-06-01,2.0,894.38
465,51,1,2023-10-17,4.0,303.96
466,28,18,2023-07-26,1.0,246.3
467,68,11,2023-06-17,2.0,441.26
468,29,6,2023-11-06,3.0,134.88
469,73,12,2023-09-03,1.0,40.18
470,67,1,2023-09-11,1.0,75.99
471,67,19,2023-08-21,3.0,383.16
472,33,15,2023-08-03,3.0,168.78
473,55,1,2023-06-29,1.0,75.99
474,24,12,2023-06-05,2.0,80.36
475,43,16,2023-08-23,,
476,65,4,2023-06-17,2.0,800.98
477,92,18,2023-11-02,3.0,738.9
478,84,10,2023-10-11,5.0,880.2
479,64,8,2023-10-24,2.0,572.3
480,44,1,2023-11-27,5.0,379.95
481,91,12,2023-10-03,2.0,80.36
482,37,12,2023-08-25,1.0,40.18
483,2,5,2023-06-27,1.0,447.19
484,9,3,2023-08-19,1.0,406.61
485,86,17,2023-06-12,2.0,909.6
486,80,10,2023-08-27,,
487,57,5,2023-06-14,3.0,1341.57
488,19,2,2023-09-06,1.0,461.03
489,42,10,2023-09-11,1.0,176.04
490,46,9,2023-09-28,2.0,700.9
491,55,17,2023-08-31,2.0,909.6
492,95,5,2023-11-20,2.0,894.38
493,78,19,2023-07-20,2.0,255.44
494,98,4,2023-08-10,2.0,800.98
495,46,14,2023-08-07,1.0,282.76
496,29,3,2023-06-03,2.0,813.22
497,19,2,2023-06-12,1.0,461.03
498,28,16,2023-08-02,2.0,556.2
499,16,7,2023-06-18,1.0,338.4
500,58,12,2023-07-01,1.0,40.18
