customer_id,name,email,registration_date
95,Customer_95,customer95@example.com,2023-03-19
16,Customer_16,customer16@example.com,2023-12-19
31,Customer_31,customer31@example.com,2023-08-06
18,Customer_18,customer18@example.com,2023-05-19
82,Customer_82,customer82@example.com,2023-10-12
87,Customer_87,customer87@example.com,2023-01-26
70,Customer_70,customer70@example.com,2023-12-03
49,Customer_49,customer49@example.com,2023-07-14
21,Customer_21,customer21@example.com,2023-05-23
46,Customer_46,customer46@example.com,2023-05-22
67,Customer_67,customer67@example.com,2023-11-19
84,Customer_84,customer84@example.com,2023-07-24
55,Customer_55,customer55@example.com,2023-02-02
79,Customer_79,customer79@example.com,2023-11-13
99,Customer_99,customer99@example.com,2023-03-13
38,Customer_38,customer38@example.com,2023-05-05
57,Customer_57,customer57@example.com,2023-08-28
89,Customer_89,,2023-09-26
83,Customer_83,customer83@example.com,2023-05-01
69,Customer_69,customer69@example.com,2023-06-01
26,Customer_26,customer26@example.com,2023-09-08
17,Customer_17,customer17@example.com,2023-07-17
91,Customer_91,customer91@example.com,2023-06-05
93,Customer_93,customer93@example.com,2023-09-20
66,Customer_66,customer66@example.com,2023-08-27
61,Customer_61,customer61@example.com,2023-04-28
85,Customer_85,customer85@example.com,2023-09-17
68,Customer_68,customer68@example.com,2023-07-28
24,Customer_24,customer24@example.com,2023-12-21
94,Customer_94,customer94@example.com,2023-02-26
10,Customer_10,,2023-05-31
19,Customer_19,customer19@example.com,2023-06-06
56,Customer_56,customer56@example.com,2023-12-15
76,Customer_76,customer76@example.com,2023-09-10
40,Customer_40,customer40@example.com,2023-11-07
46,Customer_46,customer46@example.com,2023-05-22
54,Customer_54,customer54@example.com,2023-03-26
45,Customer_45,customer45@example.com,2023-10-03
64,Customer_64,customer64@example.com,2023-07-01
77,Customer_77,customer77@example.com,2023-08-01
80,Customer_80,customer80@example.com,2023-10-30
92,Customer_92,customer92@example.com,2023-04-28
39,Customer_39,customer39@example.com,2023-02-22
25,Customer_25,customer25@example.com,2023-10-12
60,Customer_60,customer60@example.com,2023-02-23
11,Customer_11,customer11@example.com,2023-01-21
30,Customer_30,customer30@example.com,2023-01-06
20,Customer_20,customer20@example.com,2023-12-05
50,Customer_50,customer50@example.com,2023-04-14
86,Customer_86,customer86@example.com,2023-04-20
71,Customer_71,customer71@example.com,2023-01-06
58,Customer_58,customer58@example.com,2023-08-25
6,Customer_6,customer6@example.com,2023-11-12
53,Customer_53,customer53@example.com,2023-01-15
45,Customer_45,customer45@example.com,2023-10-03
74,Customer_74,customer74@example.com,2023-10-20
2,Customer_2,customer2@example.com,2023-11-25
98,Customer_98,customer98@example.com,2023-03-11
22,Customer_22,customer22@example.com,2023-10-01
96,Customer_96,customer96@example.com,2023-08-25
59,Customer_59,customer59@example.com,2023-10-21
97,Customer_97,customer97@example.com,2023-11-10
32,Customer_32,customer32@example.com,2023-06-29
13,Customer_13,customer13@example.com,2023-05-03
36,Customer_36,customer36@example.com,2023-03-01
29,Customer_29,customer29@example.com,2023-10-18
43,Customer_43,customer43@example.com,2023-04-12
75,Customer_75,customer75@example.com,2023-03-08
90,Customer_90,customer90@example.com,2023-11-03
4,Customer_4,,2023-06-13
52,Customer_52,customer52@example.com,2023-07-25
63,Customer_63,customer63@example.com,2023-12-31
51,Customer_51,customer51@example.com,2023-01-28
42,Customer_42,customer42@example.com,2023-09-20
15,Customer_15,customer15@example.com,2023-07-27
9,Customer_9,customer9@example.com,2023-03-21
27,Customer_27,customer27@example.com,2023-09-18
14,Customer_14,customer14@example.com,2023-04-06
100,Customer_100,customer100@example.com,2023-04-06
1,Customer_1,customer1@example.com,2023-06-16
3,Customer_3,,2023-05-23
78,Customer_78,customer78@example.com,2023-01-23
47,Customer_47,,2023-08-23
65,Customer_65,customer65@example.com,2023-01-08
54,Customer_54,customer54@example.com,2023-03-26
44,Customer_44,customer44@example.com,2023-08-26
37,Customer_37,customer37@example.com,2023-03-06
88,Customer_88,,2023-06-12
62,Customer_62,customer62@example.com,2023-06-04
23,Customer_23,customer23@example.com,2023-12-02
48,Customer_48,,2023-05-28
84,Customer_84,customer84@example.com,2023-07-24
34,Customer_34,customer34@example.com,2023-10-10
12,Customer_12,customer12@example.com,2023-09-21
72,Customer_72,customer72@example.com,2023-11-14
73,Customer_73,customer73@example.com,2023-01-13
7,Customer_7,customer7@example.com,2023-02-19
28,Customer_28,customer28@example.com,2023-01-05
41,Customer_41,customer41@example.com,2023-05-01
5,Customer_5,customer5@example.com,2023-10-03
33,Customer_33,customer33@example.com,2023-07-26
71,Customer_71,customer71@example.com,2023-01-06
35,Customer_35,customer35@example.com,2023-07-21
8,Customer_8,customer8@example.com,2023-07-05
81,Customer_81,customer81@example.com,2023-12-06
