product_id,name,category,price
1,Product_1,Electronics,75.99
2,Product_2,Clothing,461.03
3,Product_3,Toys,406.61
4,Product_4,Home,400.49
5,Product_5,Electronics,447.19
6,Product_6,Electronics,44.96
7,Product_7,Home,338.4
8,Product_8,Toys,286.15
9,Product_9,Clothing,350.45
10,Product_10,Clothing,176.04
11,Product_11,Electronics,220.63
12,Product_12,Toys,40.18
13,Product_13,Electronics,320.0
14,Product_14,Clothing,282.76
15,Product_15,Electronics,56.26
16,Product_16,Electronics,278.1
17,Product_17,Electronics,454.8
18,Product_18,Home,246.3
19,Product_19,Toys,127.72
20,Product_20,Electronics,222.04
